{
  "length 2": 2,
  "layerCount": 3,
  "matrixCount": 2,
  "length 1": 3,
  "length 0": 5,
  "weightMatrix 0": {
    "0": [
      0.4588863253593445,
      0.571544885635376,
      -0.3881799578666687,
      0.3850298821926117,
      -0.05692277103662491,
      1
    ],
    "1": [
      -1,
      0.5457805395126343,
      -0.574396014213562,
      1,
      -0.8910492658615112,
      1
    ],
    "2": [
      0.5507513880729675,
      -0.7706731557846069,
      -0.37240493297576904,
      -0.6185410022735596,
      0.056343212723731995,
      0.5537342429161072
    ]
  },
  "weightMatrix 1": {
    "0": [
      0.5858796834945679,
      -0.11297441273927689,
      0.17843876779079437,
      -0.3627309501171112
    ],
    "1": [
      -0.9377058148384094,
      0.12575609982013702,
      -0.8691331148147583,
      1
    ]
  }
}